{
  "agent_type": "d3qn",
  "device": "cuda",
  "episode_rewards": [
    5.849999999999996,
    -6.09,
    5.849999999999984,
    5.939999999999994,
    -6.09,
    -6.09,
    19.01999999999999,
    5.279999999999987,
    27.330000000000027,
    6.269999999999982
  ],
  "episode_losses": [
    0.2610141614875374,
    0.7711469239831688,
    0.3119509711203749,
    0.28566171103724297,
    0.766955671247317,
    0.7700557273503363,
    0.15210954736768867,
    0.2806915871353116,
    0.15781047631947756,
    0.30963616600148824
  ],
  "episode_lengths": [
    64,
    20,
    49,
    55,
    20,
    20,
    116,
    57,
    100,
    49
  ],
  "epsilon_values": [
    0.9996800503947906,
    0.9995800871380883,
    0.9993352194020907,
    0.9990604393137964,
    0.998960538015259,
    0.9988606467063771,
    0.998281474059654,
    0.9979970036673246,
    0.9974981286474471,
    0.9972537709300751
  ],
  "flag_reached": [
    0,
    0,
    0,
    0,
    0,
    0,
    0,
    0,
    0,
    0
  ],
  "flag_reach_rate_percent": [
    0.0,
    0.0,
    0.0,
    0.0,
    0.0,
    0.0,
    0.0,
    0.0,
    0.0,
    0.0
  ],
  "end_reason": [
    "death",
    "death",
    "death",
    "death",
    "death",
    "death",
    "death",
    "death",
    "death",
    "death"
  ],
  "death_rate_percent": [
    100.0,
    100.0,
    100.0,
    100.0,
    100.0,
    100.0,
    100.0,
    100.0,
    100.0,
    100.0
  ],
  "stagnation_rate_percent": [
    0.0,
    0.0,
    0.0,
    0.0,
    0.0,
    0.0,
    0.0,
    0.0,
    0.0,
    0.0
  ],
  "timeout_rate_percent": [
    0.0,
    0.0,
    0.0,
    0.0,
    0.0,
    0.0,
    0.0,
    0.0,
    0.0,
    0.0
  ]
}